num_initial_triggers,suspect_first_batch_loss,ideal_first_batch_loss,loss_gap
1,0.4656866788864136,4.676638603210449,4.210951924324036
2,1.1890370845794678,7.058558464050293,5.869521379470825
3,0.4100269675254822,5.396895408630371,4.986868441104889
4,0.10064487904310226,6.636763572692871,6.536118693649769
5,0.511078417301178,7.0503411293029785,6.5392627120018005
6,0.0009358187089674175,6.539947509765625,6.539011691056658
7,1.2962086200714111,5.311006546020508,4.014797925949097
8,0.3843565583229065,8.115194320678711,7.730837762355804
9,1.0601894855499268,6.873917579650879,5.813728094100952
